epoch,accuracy,loss,val_accuracy,val_loss
0,0.1919821798801422,1.7323673963546753,0.07500000298023224,1.8923871517181396
1,0.3125,1.6072986125946045,0.0744047611951828,1.8913871049880981
